job_id,arrival_time,compute_time_hours,deadline_time,priority
JOB_0001,2026-01-05 18:43:00,4.61,2026-01-05 21:20:09.316753,2
JOB_0002,2026-01-06 02:14:00,4.98,2026-01-06 15:24:49.355111,1
JOB_0003,2026-01-05 11:24:00,0.58,2026-01-06 11:36:09.321153,3
JOB_0004,2026-01-06 16:09:00,1.11,2026-01-07 03:04:00.815446,1
JOB_0005,2026-01-06 03:43:00,4.61,2026-01-07 12:43:16.911601,1
JOB_0006,2026-01-05 18:11:00,0.51,2026-01-06 21:38:39.610409,2
JOB_0007,2026-01-05 08:30:00,1.04,2026-01-06 18:52:22.067606,2
JOB_0008,2026-01-05 20:29:00,1.6,2026-01-06 16:19:07.568232,2
JOB_0009,2026-01-06 01:17:00,2.81,2026-01-07 10:57:09.976754,1
JOB_0010,2026-01-06 03:34:00,4.89,2026-01-07 10:48:32.033198,1
JOB_0011,2026-01-05 10:10:00,1.37,2026-01-06 04:58:57.701664,3
JOB_0012,2026-01-05 00:09:00,4.51,2026-01-05 22:23:31.400858,1
JOB_0013,2026-01-06 23:16:00,0.72,2026-01-08 05:46:22.041849,3
JOB_0014,2026-01-05 07:05:00,0.81,2026-01-06 02:33:38.796716,1
JOB_0015,2026-01-06 15:31:00,1.2,2026-01-07 10:25:58.316205,1
JOB_0016,2026-01-06 01:37:00,2.38,2026-01-06 23:12:09.482655,3
JOB_0017,2026-01-05 20:43:00,3.61,2026-01-06 14:04:10.620779,3
JOB_0018,2026-01-05 20:34:00,2.58,2026-01-06 02:37:53.989869,1
JOB_0019,2026-01-06 08:26:00,3.5,2026-01-06 20:28:37.459481,2
JOB_0020,2026-01-06 09:53:00,2.36,2026-01-07 07:02:01.881677,3
JOB_0021,2026-01-05 23:41:00,2.81,2026-01-06 09:39:31.060946,2
JOB_0022,2026-01-06 17:24:00,4.23,2026-01-08 04:32:45.424373,3
JOB_0023,2026-01-05 13:44:00,0.86,2026-01-06 23:19:07.831415,3
JOB_0024,2026-01-06 09:51:00,2.25,2026-01-07 12:59:48.561391,1
JOB_0025,2026-01-06 00:51:00,4.26,2026-01-06 14:08:19.945791,2
JOB_0026,2026-01-05 09:59:00,4.71,2026-01-06 02:41:19.740872,2
JOB_0027,2026-01-06 23:13:00,2.31,2026-01-07 00:42:11.834238,2
JOB_0028,2026-01-06 14:29:00,3.87,2026-01-06 21:33:25.093443,1
JOB_0029,2026-01-05 10:50:00,2.52,2026-01-06 08:42:58.813417,3
JOB_0030,2026-01-05 14:24:00,1.52,2026-01-06 21:57:32.385504,3
JOB_0031,2026-01-05 06:13:00,4.86,2026-01-06 04:46:15.083854,1
JOB_0032,2026-01-05 05:46:00,1.64,2026-01-05 17:45:17.215005,1
JOB_0033,2026-01-06 08:33:00,4.58,2026-01-06 17:38:09.766699,2
JOB_0034,2026-01-05 18:53:00,3.49,2026-01-06 20:40:48.174814,3
JOB_0035,2026-01-05 03:55:00,4.64,2026-01-06 12:41:44.812268,2
JOB_0036,2026-01-05 00:50:00,2.08,2026-01-05 16:43:35.589017,2
JOB_0037,2026-01-06 02:41:00,4.2,2026-01-06 15:37:38.238845,2
JOB_0038,2026-01-06 06:18:00,1.13,2026-01-07 07:41:46.932289,1
JOB_0039,2026-01-06 18:04:00,1.05,2026-01-07 17:23:48.063680,3
JOB_0040,2026-01-06 15:06:00,3.99,2026-01-08 00:28:15.713438,1
JOB_0041,2026-01-06 18:18:00,0.67,2026-01-07 10:44:19.876185,1
JOB_0042,2026-01-06 15:35:00,0.55,2026-01-07 16:57:27.813459,3
JOB_0043,2026-01-06 03:06:00,4.21,2026-01-06 11:40:32.494591,3
JOB_0044,2026-01-05 20:18:00,4.33,2026-01-06 12:44:17.570388,3
JOB_0045,2026-01-06 09:11:00,0.67,2026-01-06 18:50:18.409492,3
JOB_0046,2026-01-05 00:11:00,0.83,2026-01-06 07:11:12.459909,1
JOB_0047,2026-01-06 01:21:00,2.55,2026-01-06 17:35:41.387735,1
JOB_0048,2026-01-05 23:22:00,3.32,2026-01-07 02:18:40.923364,2
JOB_0049,2026-01-06 17:14:00,1.23,2026-01-07 23:27:17.179173,2
JOB_0050,2026-01-05 07:43:00,1.0,2026-01-05 22:07:42.556617,1
JOB_0051,2026-01-06 19:28:00,3.24,2026-01-07 15:16:05.094726,2
JOB_0052,2026-01-05 10:50:00,3.98,2026-01-06 12:38:57.197794,3
JOB_0053,2026-01-06 09:47:00,3.79,2026-01-06 14:52:47.494641,1
JOB_0054,2026-01-06 10:12:00,0.61,2026-01-07 21:33:58.073949,1
JOB_0055,2026-01-06 15:11:00,4.59,2026-01-07 12:35:27.211242,1
JOB_0056,2026-01-06 13:08:00,2.79,2026-01-06 22:53:44.080077,1
JOB_0057,2026-01-06 10:53:00,1.69,2026-01-07 02:21:13.085922,3
JOB_0058,2026-01-06 12:40:00,4.58,2026-01-07 23:30:14.730872,3
JOB_0059,2026-01-06 03:05:00,4.09,2026-01-06 12:24:16.313179,3
JOB_0060,2026-01-06 11:50:00,4.63,2026-01-06 20:40:29.582047,3
JOB_0061,2026-01-05 11:57:00,4.12,2026-01-06 21:29:02.459906,2
JOB_0062,2026-01-06 04:27:00,3.37,2026-01-06 12:41:58.474318,1
JOB_0063,2026-01-05 13:37:00,2.07,2026-01-05 18:44:14.690077,2
JOB_0064,2026-01-06 18:39:00,4.09,2026-01-07 03:04:12.607594,3
JOB_0065,2026-01-06 16:40:00,4.32,2026-01-07 07:16:27.023270,1
JOB_0066,2026-01-05 21:01:00,2.58,2026-01-07 03:52:20.696775,1
JOB_0067,2026-01-05 15:09:00,4.74,2026-01-06 05:40:56.849898,2
JOB_0068,2026-01-06 03:42:00,1.28,2026-01-06 10:45:06.177551,1
JOB_0069,2026-01-06 00:29:00,1.18,2026-01-06 10:21:22.350560,1
JOB_0070,2026-01-06 04:19:00,4.85,2026-01-06 11:12:45.292348,2
JOB_0071,2026-01-06 12:47:00,3.65,2026-01-07 20:27:30.564204,1
JOB_0072,2026-01-05 14:54:00,2.24,2026-01-06 01:02:52.313440,3
JOB_0073,2026-01-06 00:51:00,3.3,2026-01-06 21:59:10.371253,2
JOB_0074,2026-01-06 09:10:00,2.13,2026-01-06 10:46:37.605047,2
JOB_0075,2026-01-05 09:36:00,0.8,2026-01-06 01:24:47.857052,3
JOB_0076,2026-01-06 15:33:00,2.41,2026-01-07 14:03:03.575790,2
JOB_0077,2026-01-05 03:09:00,1.34,2026-01-05 15:28:17.662781,3
JOB_0078,2026-01-05 04:58:00,4.11,2026-01-06 14:46:46.580892,3
JOB_0079,2026-01-06 22:00:00,1.35,2026-01-07 13:14:05.805175,2
JOB_0080,2026-01-06 09:21:00,2.34,2026-01-07 04:41:41.544540,3
JOB_0081,2026-01-05 11:24:00,4.97,2026-01-05 19:28:06.536228,2
JOB_0082,2026-01-05 10:48:00,3.54,2026-01-05 15:58:04.550993,2
JOB_0083,2026-01-05 16:11:00,3.28,2026-01-06 13:17:38.258504,2
JOB_0084,2026-01-06 11:36:00,4.27,2026-01-07 01:58:11.525780,2
JOB_0085,2026-01-05 04:28:00,4.37,2026-01-06 05:12:39.006964,3
JOB_0086,2026-01-06 13:34:00,1.44,2026-01-06 19:05:03.354214,1
JOB_0087,2026-01-06 10:04:00,1.86,2026-01-07 01:44:30.697995,3
JOB_0088,2026-01-05 13:49:00,2.78,2026-01-05 19:55:26.816147,3
JOB_0089,2026-01-05 17:38:00,4.68,2026-01-06 03:18:55.454716,1
JOB_0090,2026-01-06 00:44:00,0.57,2026-01-06 05:56:23.672780,3
JOB_0091,2026-01-05 12:04:00,4.46,2026-01-05 17:56:37.477430,3
JOB_0092,2026-01-06 20:17:00,0.97,2026-01-07 05:33:19.296289,3
JOB_0093,2026-01-05 21:13:00,4.56,2026-01-05 22:40:58.603250,3
JOB_0094,2026-01-06 12:32:00,4.02,2026-01-07 19:02:33.978866,3
JOB_0095,2026-01-06 20:31:00,1.39,2026-01-06 23:24:05.999651,1
JOB_0096,2026-01-06 01:48:00,4.83,2026-01-06 19:13:35.726839,3
JOB_0097,2026-01-06 23:03:00,2.84,2026-01-07 06:46:59.140083,1
JOB_0098,2026-01-05 16:39:00,1.06,2026-01-06 05:13:45.899293,3
JOB_0099,2026-01-06 19:37:00,3.08,2026-01-07 19:32:01.591493,3
JOB_0100,2026-01-06 05:39:00,3.47,2026-01-06 22:51:42.904785,2
JOB_0101,2026-01-05 19:13:00,2.45,2026-01-06 13:07:20.352082,2
JOB_0102,2026-01-05 01:06:00,3.0,2026-01-05 10:54:01.568811,1
JOB_0103,2026-01-05 01:10:00,1.89,2026-01-05 03:48:32.893222,3
JOB_0104,2026-01-06 11:43:00,1.01,2026-01-06 13:49:49.441867,3
JOB_0105,2026-01-05 18:29:00,2.06,2026-01-06 23:41:05.929868,2
JOB_0106,2026-01-05 10:20:00,4.29,2026-01-05 14:03:48.902593,3
JOB_0107,2026-01-06 18:52:00,4.94,2026-01-07 01:06:49.852313,2
JOB_0108,2026-01-05 23:52:00,3.17,2026-01-07 07:23:51.318874,1
JOB_0109,2026-01-06 11:20:00,1.25,2026-01-06 19:36:00.050636,1
JOB_0110,2026-01-06 05:06:00,4.38,2026-01-06 21:32:07.677552,2
JOB_0111,2026-01-05 23:57:00,0.62,2026-01-07 02:57:40.158990,2
JOB_0112,2026-01-06 12:18:00,2.44,2026-01-07 14:40:44.454697,2
JOB_0113,2026-01-05 18:07:00,1.69,2026-01-06 15:21:53.171876,2
JOB_0114,2026-01-05 23:11:00,3.38,2026-01-06 22:17:45.991454,2
JOB_0115,2026-01-05 04:03:00,4.21,2026-01-05 06:57:41.552338,2
JOB_0116,2026-01-05 06:22:00,1.02,2026-01-06 14:31:28.123073,1
JOB_0117,2026-01-06 22:28:00,3.27,2026-01-07 22:46:56.441930,1
JOB_0118,2026-01-06 08:36:00,4.52,2026-01-06 18:31:21.460002,3
JOB_0119,2026-01-06 11:19:00,3.61,2026-01-07 06:03:04.783965,1
JOB_0120,2026-01-06 07:12:00,2.49,2026-01-06 19:22:34.853803,2
JOB_0121,2026-01-06 17:18:00,1.07,2026-01-07 10:07:33.016310,1
JOB_0122,2026-01-06 10:12:00,0.78,2026-01-07 08:49:23.589961,3
JOB_0123,2026-01-05 12:51:00,0.52,2026-01-06 03:32:08.714818,3
JOB_0124,2026-01-05 04:33:00,1.5,2026-01-06 07:45:45.123252,1
JOB_0125,2026-01-05 01:21:00,1.06,2026-01-05 18:32:00.146424,3
JOB_0126,2026-01-05 01:13:00,1.74,2026-01-06 07:07:58.206724,2
JOB_0127,2026-01-05 08:42:00,2.3,2026-01-05 18:15:32.327179,2
JOB_0128,2026-01-06 17:14:00,3.62,2026-01-08 03:24:38.297559,2
JOB_0129,2026-01-06 22:06:00,2.2,2026-01-07 07:20:59.418385,1
JOB_0130,2026-01-06 04:39:00,2.46,2026-01-06 14:39:04.160011,3
JOB_0131,2026-01-05 11:01:00,2.29,2026-01-05 23:17:57.572098,3
JOB_0132,2026-01-06 15:33:00,4.27,2026-01-07 16:42:02.366765,1
JOB_0133,2026-01-06 19:23:00,4.76,2026-01-08 03:26:45.794271,3
JOB_0134,2026-01-05 06:56:00,3.08,2026-01-06 12:11:23.625537,2
JOB_0135,2026-01-05 15:33:00,2.07,2026-01-06 00:07:16.664359,1
JOB_0136,2026-01-05 17:57:00,3.13,2026-01-07 03:45:45.011951,2
JOB_0137,2026-01-06 01:54:00,4.27,2026-01-07 10:46:07.120021,2
JOB_0138,2026-01-06 15:43:00,1.48,2026-01-07 19:10:17.417569,2
JOB_0139,2026-01-05 03:54:00,3.49,2026-01-06 02:18:30.635321,2
JOB_0140,2026-01-05 00:37:00,1.14,2026-01-05 01:57:01.212144,1
JOB_0141,2026-01-06 23:02:00,0.89,2026-01-08 10:42:57.085390,2
JOB_0142,2026-01-06 23:57:00,2.12,2026-01-08 07:44:08.166840,1
JOB_0143,2026-01-06 23:35:00,3.47,2026-01-07 14:17:29.741978,1
JOB_0144,2026-01-06 20:51:00,3.18,2026-01-07 12:15:31.226213,3
JOB_0145,2026-01-05 13:37:00,4.63,2026-01-06 10:06:05.250181,1
JOB_0146,2026-01-06 00:43:00,0.98,2026-01-06 06:40:35.691732,2
JOB_0147,2026-01-05 09:43:00,0.79,2026-01-06 20:00:32.054634,3
JOB_0148,2026-01-06 00:05:00,0.86,2026-01-06 23:55:06.671664,1
JOB_0149,2026-01-05 13:49:00,2.8,2026-01-06 21:57:10.616495,1
JOB_0150,2026-01-06 08:35:00,2.84,2026-01-06 13:55:46.661452,3
JOB_0151,2026-01-06 07:48:00,2.57,2026-01-07 01:57:16.263475,2
JOB_0152,2026-01-06 22:08:00,2.53,2026-01-08 10:06:05.919008,3
JOB_0153,2026-01-06 10:40:00,0.79,2026-01-07 16:21:26.505195,1
JOB_0154,2026-01-05 13:40:00,3.94,2026-01-05 23:57:04.895829,3
JOB_0155,2026-01-05 14:02:00,2.98,2026-01-05 22:35:47.361120,3
JOB_0156,2026-01-05 13:03:00,3.79,2026-01-05 21:00:28.187268,1
JOB_0157,2026-01-05 18:10:00,1.86,2026-01-06 21:30:15.135718,1
JOB_0158,2026-01-05 09:52:00,3.68,2026-01-06 12:13:21.591828,2
JOB_0159,2026-01-05 19:45:00,1.68,2026-01-06 03:09:53.717352,1
JOB_0160,2026-01-05 18:09:00,1.74,2026-01-05 20:04:41.673920,3
JOB_0161,2026-01-05 00:59:00,0.89,2026-01-06 11:58:04.370731,3
JOB_0162,2026-01-06 04:27:00,2.66,2026-01-06 06:45:47.185237,2
JOB_0163,2026-01-05 00:17:00,1.97,2026-01-05 02:30:00.387436,3
JOB_0164,2026-01-06 19:24:00,0.85,2026-01-07 01:11:35.152583,3
JOB_0165,2026-01-05 08:25:00,2.07,2026-01-05 15:37:57.494433,3
JOB_0166,2026-01-05 11:21:00,2.89,2026-01-05 18:43:53.771108,3
JOB_0167,2026-01-06 06:24:00,4.19,2026-01-07 02:43:30.566774,2
JOB_0168,2026-01-05 22:01:00,4.9,2026-01-07 08:06:44.740110,3
JOB_0169,2026-01-06 02:52:00,1.3,2026-01-06 07:49:59.822180,3
JOB_0170,2026-01-06 08:45:00,1.6,2026-01-07 03:28:32.129502,3
JOB_0171,2026-01-05 04:03:00,4.25,2026-01-06 13:07:19.615275,1
JOB_0172,2026-01-06 19:31:00,1.12,2026-01-07 17:07:56.040348,1
JOB_0173,2026-01-06 16:47:00,2.66,2026-01-06 19:52:22.887589,3
JOB_0174,2026-01-05 05:27:00,1.42,2026-01-05 21:21:50.836475,1
JOB_0175,2026-01-06 21:51:00,2.67,2026-01-08 02:46:21.705100,2
JOB_0176,2026-01-05 00:34:00,4.88,2026-01-05 17:24:15.189472,1
JOB_0177,2026-01-05 08:53:00,2.01,2026-01-06 16:54:29.389408,2
JOB_0178,2026-01-06 15:49:00,0.92,2026-01-07 02:01:38.465617,2
JOB_0179,2026-01-05 03:15:00,3.8,2026-01-05 17:58:14.072305,1
JOB_0180,2026-01-06 01:31:00,4.8,2026-01-07 13:26:43.722526,1
JOB_0181,2026-01-06 09:12:00,0.63,2026-01-07 02:01:38.401016,2
JOB_0182,2026-01-05 18:20:00,3.11,2026-01-06 20:53:40.521527,2
JOB_0183,2026-01-05 06:30:00,1.76,2026-01-06 03:43:50.216698,2
JOB_0184,2026-01-06 15:15:00,3.05,2026-01-07 02:50:44.409970,3
JOB_0185,2026-01-06 04:01:00,3.28,2026-01-06 14:57:40.373943,2
JOB_0186,2026-01-06 21:22:00,1.61,2026-01-07 17:29:55.624706,3
JOB_0187,2026-01-05 20:42:00,4.11,2026-01-06 20:37:33.157643,2
JOB_0188,2026-01-05 14:44:00,3.01,2026-01-06 03:30:08.187665,3
JOB_0189,2026-01-06 23:36:00,2.17,2026-01-07 06:53:21.571104,3
JOB_0190,2026-01-06 10:55:00,2.38,2026-01-06 23:47:00.866763,3
JOB_0191,2026-01-06 16:57:00,4.99,2026-01-07 22:27:20.850173,1
JOB_0192,2026-01-05 06:53:00,0.65,2026-01-05 23:12:03.094023,3
JOB_0193,2026-01-06 15:22:00,2.77,2026-01-07 11:02:04.087815,3
JOB_0194,2026-01-06 19:48:00,5.0,2026-01-07 21:22:43.625151,1
JOB_0195,2026-01-06 00:35:00,3.1,2026-01-06 02:53:24.341111,1
JOB_0196,2026-01-06 22:05:00,1.78,2026-01-07 04:43:46.143131,3
JOB_0197,2026-01-06 20:35:00,3.98,2026-01-07 15:04:31.401013,2
JOB_0198,2026-01-06 10:17:00,2.71,2026-01-07 00:05:24.128275,1
JOB_0199,2026-01-06 18:35:00,3.78,2026-01-08 01:18:07.396891,2
JOB_0200,2026-01-06 21:51:00,3.63,2026-01-08 09:11:19.825585,2
JOB_0201,2026-01-06 18:49:00,4.31,2026-01-07 07:33:37.624895,3
JOB_0202,2026-01-05 18:00:00,0.82,2026-01-06 05:53:05.247199,2
JOB_0203,2026-01-05 21:24:00,3.82,2026-01-05 23:49:36.550461,1
JOB_0204,2026-01-05 08:05:00,2.77,2026-01-06 04:58:41.642495,3
JOB_0205,2026-01-06 11:14:00,4.0,2026-01-06 15:46:52.593571,1
JOB_0206,2026-01-06 01:19:00,2.48,2026-01-06 20:09:32.036671,1
JOB_0207,2026-01-05 06:42:00,4.15,2026-01-05 16:14:08.717477,2
JOB_0208,2026-01-05 17:19:00,0.85,2026-01-06 14:17:30.560739,2
JOB_0209,2026-01-06 19:10:00,4.3,2026-01-07 15:23:24.488014,1
JOB_0210,2026-01-05 10:03:00,2.11,2026-01-05 11:20:57.391922,1
JOB_0211,2026-01-06 16:53:00,3.34,2026-01-07 00:18:16.827597,2
JOB_0212,2026-01-05 13:28:00,4.21,2026-01-06 00:09:55.980302,3
JOB_0213,2026-01-06 09:10:00,0.55,2026-01-06 22:06:13.491683,3
JOB_0214,2026-01-06 18:28:00,2.05,2026-01-06 22:03:46.864640,1
JOB_0215,2026-01-05 14:57:00,2.37,2026-01-06 18:46:48.145991,2
JOB_0216,2026-01-05 01:09:00,0.86,2026-01-06 08:16:58.293338,2
JOB_0217,2026-01-06 07:55:00,4.84,2026-01-07 14:29:36.145692,3
JOB_0218,2026-01-06 06:46:00,4.32,2026-01-06 18:06:20.394883,3
JOB_0219,2026-01-05 05:31:00,2.5,2026-01-06 06:29:02.370682,2
JOB_0220,2026-01-05 12:42:00,1.69,2026-01-05 20:04:05.379750,2
JOB_0221,2026-01-05 23:18:00,1.17,2026-01-06 08:16:41.602495,2
JOB_0222,2026-01-05 17:59:00,1.61,2026-01-06 14:34:11.412793,2
JOB_0223,2026-01-05 16:17:00,3.05,2026-01-07 02:31:12.698049,1
JOB_0224,2026-01-06 05:55:00,1.29,2026-01-07 03:16:35.491864,1
JOB_0225,2026-01-05 08:18:00,1.54,2026-01-06 16:29:30.060178,2
JOB_0226,2026-01-05 03:56:00,1.46,2026-01-05 18:54:27.332111,1
JOB_0227,2026-01-06 04:09:00,2.9,2026-01-06 05:14:46.923588,3
JOB_0228,2026-01-05 17:35:00,1.25,2026-01-07 04:56:39.730270,3
JOB_0229,2026-01-06 04:21:00,4.74,2026-01-06 08:19:33.368404,3
JOB_0230,2026-01-06 14:07:00,1.21,2026-01-06 18:37:11.594331,1
JOB_0231,2026-01-05 10:59:00,2.08,2026-01-05 12:01:14.668869,2
JOB_0232,2026-01-06 12:26:00,4.67,2026-01-06 23:56:35.419931,1
JOB_0233,2026-01-06 14:41:00,1.72,2026-01-07 08:33:54.856088,3
JOB_0234,2026-01-05 21:10:00,0.83,2026-01-06 04:27:31.561926,1
JOB_0235,2026-01-06 22:22:00,1.85,2026-01-07 02:30:10.984837,3
JOB_0236,2026-01-05 12:26:00,3.88,2026-01-06 15:37:22.786820,3
JOB_0237,2026-01-05 23:03:00,0.85,2026-01-07 05:25:12.120427,3
JOB_0238,2026-01-06 08:53:00,3.27,2026-01-07 07:10:10.023727,2
JOB_0239,2026-01-05 02:23:00,1.87,2026-01-05 22:56:33.829387,1
JOB_0240,2026-01-06 14:55:00,3.94,2026-01-06 22:14:52.441077,3
JOB_0241,2026-01-05 06:06:00,4.85,2026-01-05 16:38:08.133684,3
JOB_0242,2026-01-06 16:01:00,3.44,2026-01-07 19:47:21.465689,3
JOB_0243,2026-01-06 10:27:00,2.64,2026-01-07 17:52:00.521032,2
JOB_0244,2026-01-06 17:59:00,0.85,2026-01-06 22:40:29.367260,1
JOB_0245,2026-01-05 04:07:00,4.39,2026-01-06 07:11:33.493267,1
JOB_0246,2026-01-06 02:00:00,4.25,2026-01-07 03:57:23.914824,2
JOB_0247,2026-01-06 01:30:00,1.42,2026-01-07 03:34:44.294365,3
JOB_0248,2026-01-05 04:56:00,4.92,2026-01-05 21:30:08.022000,3
JOB_0249,2026-01-06 12:44:00,2.92,2026-01-07 13:06:18.421921,1
JOB_0250,2026-01-05 14:18:00,0.87,2026-01-05 18:20:10.568038,2
JOB_0251,2026-01-06 07:07:00,1.05,2026-01-07 07:48:44.411982,2
JOB_0252,2026-01-06 21:01:00,0.55,2026-01-08 01:11:00.291119,3
JOB_0253,2026-01-06 01:49:00,3.08,2026-01-07 04:24:37.845401,1
JOB_0254,2026-01-06 05:20:00,2.14,2026-01-06 12:50:24.233210,3
JOB_0255,2026-01-06 10:27:00,2.11,2026-01-06 13:52:50.241033,2
JOB_0256,2026-01-05 16:08:00,3.6,2026-01-06 14:16:17.544097,3
JOB_0257,2026-01-06 05:38:00,1.6,2026-01-07 14:31:39.069440,1
JOB_0258,2026-01-05 02:30:00,3.05,2026-01-06 08:14:28.720304,3
JOB_0259,2026-01-06 15:33:00,3.4,2026-01-06 20:05:41.317295,2
JOB_0260,2026-01-06 18:06:00,2.31,2026-01-07 04:38:38.820255,2
JOB_0261,2026-01-06 01:27:00,4.03,2026-01-06 11:14:16.413875,1
JOB_0262,2026-01-05 22:21:00,2.71,2026-01-06 04:24:40.816089,3
JOB_0263,2026-01-05 21:18:00,3.63,2026-01-06 12:27:29.774647,2
JOB_0264,2026-01-06 20:22:00,2.36,2026-01-07 13:50:14.444959,1
JOB_0265,2026-01-05 12:05:00,1.32,2026-01-06 21:55:26.279193,1
JOB_0266,2026-01-05 20:46:00,3.76,2026-01-06 09:44:59.943079,3
JOB_0267,2026-01-06 03:53:00,2.29,2026-01-06 21:57:26.356789,3
JOB_0268,2026-01-06 15:34:00,3.04,2026-01-08 02:40:08.123525,2
JOB_0269,2026-01-06 23:17:00,2.91,2026-01-08 06:26:39.612549,2
JOB_0270,2026-01-06 19:26:00,3.74,2026-01-07 21:09:24.367643,1
JOB_0271,2026-01-06 22:35:00,1.39,2026-01-07 05:15:07.033088,2
JOB_0272,2026-01-05 02:22:00,1.27,2026-01-05 05:36:54.055572,2
JOB_0273,2026-01-06 18:12:00,0.76,2026-01-07 20:26:16.905805,2
JOB_0274,2026-01-05 23:26:00,1.54,2026-01-07 10:33:17.872025,2
JOB_0275,2026-01-06 00:11:00,2.84,2026-01-06 13:32:43.210028,1
JOB_0276,2026-01-06 16:24:00,0.9,2026-01-07 18:04:02.023468,1
JOB_0277,2026-01-05 20:06:00,0.88,2026-01-06 11:22:03.600389,1
JOB_0278,2026-01-06 23:10:00,0.54,2026-01-07 18:16:07.105832,2
JOB_0279,2026-01-06 03:33:00,0.65,2026-01-07 01:38:23.816882,1
JOB_0280,2026-01-05 04:59:00,4.69,2026-01-06 00:24:27.659413,1
JOB_0281,2026-01-05 11:28:00,2.03,2026-01-06 18:09:00.105704,3
JOB_0282,2026-01-06 03:05:00,3.05,2026-01-06 07:09:33.603619,3
JOB_0283,2026-01-06 17:59:00,1.7,2026-01-06 20:54:42.499058,1
JOB_0284,2026-01-05 11:42:00,2.46,2026-01-06 02:33:23.966894,2
JOB_0285,2026-01-05 18:29:00,4.32,2026-01-06 01:25:09.498325,2
JOB_0286,2026-01-06 04:51:00,1.24,2026-01-06 08:53:43.973158,1
JOB_0287,2026-01-06 02:57:00,1.03,2026-01-07 12:27:16.916739,2
JOB_0288,2026-01-06 15:04:00,2.71,2026-01-07 02:37:37.320582,3
JOB_0289,2026-01-05 16:18:00,2.17,2026-01-06 01:12:53.266854,3
JOB_0290,2026-01-05 15:28:00,0.54,2026-01-05 19:14:01.313666,3
JOB_0291,2026-01-05 06:19:00,0.95,2026-01-06 00:28:01.494792,1
JOB_0292,2026-01-05 05:22:00,3.64,2026-01-05 17:00:24.850659,1
JOB_0293,2026-01-06 05:42:00,2.31,2026-01-06 18:46:40.568293,1
JOB_0294,2026-01-05 05:47:00,2.64,2026-01-06 06:00:27.675140,3
JOB_0295,2026-01-06 21:17:00,2.8,2026-01-08 03:08:04.970899,2
JOB_0296,2026-01-05 03:17:00,4.67,2026-01-05 09:23:11.934285,3
JOB_0297,2026-01-07 00:00:00,0.93,2026-01-07 13:54:36.026726,3
JOB_0298,2026-01-06 05:00:00,3.85,2026-01-06 09:14:42.606779,2
JOB_0299,2026-01-05 15:29:00,3.6,2026-01-06 07:06:17.858844,2
JOB_0300,2026-01-05 11:40:00,3.63,2026-01-05 17:12:59.265165,1
JOB_0301,2026-01-05 21:00:00,4.31,2026-01-06 06:05:44.929656,1
JOB_0302,2026-01-05 10:46:00,3.44,2026-01-05 22:15:05.837849,3
JOB_0303,2026-01-05 06:02:00,4.02,2026-01-06 01:03:05.026280,1
JOB_0304,2026-01-05 03:39:00,2.12,2026-01-06 00:08:01.720208,1
JOB_0305,2026-01-05 01:04:00,4.34,2026-01-05 14:05:22.079401,1
JOB_0306,2026-01-06 09:48:00,4.23,2026-01-06 11:41:06.762840,1
JOB_0307,2026-01-06 04:10:00,1.79,2026-01-07 15:36:30.012721,2
JOB_0308,2026-01-06 00:55:00,4.64,2026-01-07 12:27:21.866324,1
JOB_0309,2026-01-05 16:33:00,2.83,2026-01-06 20:45:02.242603,3
JOB_0310,2026-01-06 07:52:00,3.99,2026-01-06 15:49:56.169917,3
JOB_0311,2026-01-05 00:26:00,0.96,2026-01-06 08:00:36.698114,1
JOB_0312,2026-01-05 00:18:00,4.82,2026-01-06 02:14:09.720920,1
JOB_0313,2026-01-06 10:47:00,3.06,2026-01-07 22:36:28.552911,1
JOB_0314,2026-01-05 01:37:00,2.01,2026-01-05 16:00:02.862293,2
JOB_0315,2026-01-05 05:24:00,3.78,2026-01-05 10:50:52.650373,2
JOB_0316,2026-01-06 01:03:00,0.87,2026-01-06 18:32:46.398589,3
JOB_0317,2026-01-06 19:41:00,0.92,2026-01-07 10:56:25.424010,3
JOB_0318,2026-01-05 04:08:00,0.65,2026-01-05 08:40:48.885504,1
JOB_0319,2026-01-05 01:33:00,0.84,2026-01-06 12:00:47.685030,1
JOB_0320,2026-01-05 16:22:00,3.16,2026-01-06 01:08:26.542953,3
JOB_0321,2026-01-06 19:48:00,0.73,2026-01-08 03:44:25.675420,3
JOB_0322,2026-01-06 11:43:00,3.24,2026-01-07 19:06:16.788502,2
JOB_0323,2026-01-05 06:32:00,0.83,2026-01-05 13:53:35.016232,2
JOB_0324,2026-01-05 19:03:00,4.32,2026-01-06 07:27:07.217981,3
JOB_0325,2026-01-05 13:46:00,1.5,2026-01-06 10:10:48.153175,3
JOB_0326,2026-01-05 21:11:00,2.33,2026-01-07 08:26:31.733048,3
JOB_0327,2026-01-06 00:03:00,2.65,2026-01-06 21:26:14.516043,1
JOB_0328,2026-01-06 22:18:00,2.63,2026-01-08 02:11:29.350733,2
JOB_0329,2026-01-05 04:53:00,3.04,2026-01-05 08:14:10.406120,3
JOB_0330,2026-01-06 11:35:00,0.91,2026-01-07 06:41:10.750889,1
JOB_0331,2026-01-05 14:22:00,2.9,2026-01-07 01:29:15.682669,3
JOB_0332,2026-01-05 21:05:00,0.78,2026-01-06 12:30:03.376803,1
JOB_0333,2026-01-05 21:34:00,2.79,2026-01-06 07:55:54.702788,2
JOB_0334,2026-01-05 02:10:00,3.63,2026-01-06 09:26:01.923332,3
JOB_0335,2026-01-06 17:57:00,4.13,2026-01-07 01:38:07.515098,2
JOB_0336,2026-01-06 07:05:00,4.8,2026-01-06 19:59:13.551116,2
JOB_0337,2026-01-06 23:26:00,3.58,2026-01-07 08:59:11.224913,2
JOB_0338,2026-01-06 12:10:00,1.7,2026-01-07 18:50:18.247572,1
JOB_0339,2026-01-05 22:35:00,3.04,2026-01-06 19:55:04.567669,1
JOB_0340,2026-01-05 09:15:00,3.78,2026-01-06 05:02:08.101334,3
JOB_0341,2026-01-05 13:35:00,3.53,2026-01-06 06:26:20.594340,3
JOB_0342,2026-01-06 18:21:00,1.48,2026-01-07 14:01:16.391811,2
JOB_0343,2026-01-05 09:40:00,3.83,2026-01-05 19:26:00.777439,3
JOB_0344,2026-01-06 00:45:00,2.98,2026-01-06 14:58:05.676131,2
JOB_0345,2026-01-06 03:33:00,4.8,2026-01-06 14:37:32.069097,1
JOB_0346,2026-01-06 18:53:00,3.42,2026-01-08 04:44:37.755830,2
JOB_0347,2026-01-06 06:49:00,3.67,2026-01-07 01:13:55.655824,2
JOB_0348,2026-01-06 06:35:00,3.09,2026-01-07 18:15:01.763135,1
JOB_0349,2026-01-06 19:43:00,2.21,2026-01-08 03:30:55.067500,2
JOB_0350,2026-01-06 20:01:00,0.79,2026-01-07 23:46:59.397724,3
JOB_0351,2026-01-06 04:38:00,2.74,2026-01-06 06:37:00.008826,3
JOB_0352,2026-01-06 18:57:00,1.8,2026-01-07 07:04:39.677695,2
JOB_0353,2026-01-05 05:46:00,4.22,2026-01-06 06:20:38.220291,2
JOB_0354,2026-01-05 18:42:00,1.27,2026-01-05 23:47:01.306774,1
JOB_0355,2026-01-05 00:07:00,1.69,2026-01-05 01:48:20.739716,1
JOB_0356,2026-01-05 12:14:00,3.81,2026-01-06 10:42:24.710738,3
JOB_0357,2026-01-05 03:01:00,1.06,2026-01-05 14:55:21.515458,2
JOB_0358,2026-01-06 12:22:00,4.93,2026-01-07 15:40:47.611751,1
JOB_0359,2026-01-06 20:39:00,2.03,2026-01-07 21:34:57.644241,2
JOB_0360,2026-01-06 17:30:00,4.03,2026-01-06 21:38:43.706231,1
JOB_0361,2026-01-05 15:26:00,3.54,2026-01-06 11:12:45.028698,2
JOB_0362,2026-01-06 13:18:00,3.53,2026-01-07 15:12:47.653517,3
JOB_0363,2026-01-06 11:29:00,4.3,2026-01-07 05:15:04.967530,1
JOB_0364,2026-01-05 06:45:00,3.98,2026-01-05 19:07:14.231518,2
JOB_0365,2026-01-05 23:33:00,2.19,2026-01-07 11:05:38.478690,1
JOB_0366,2026-01-06 16:12:00,0.87,2026-01-07 07:06:25.109925,2
JOB_0367,2026-01-06 08:10:00,4.75,2026-01-07 08:25:19.970436,2
JOB_0368,2026-01-05 21:17:00,2.33,2026-01-07 09:05:22.805108,3
JOB_0369,2026-01-06 01:19:00,1.43,2026-01-07 07:15:38.750104,3
JOB_0370,2026-01-05 02:02:00,4.28,2026-01-06 06:17:26.627486,3
JOB_0371,2026-01-06 17:02:00,1.36,2026-01-07 01:58:24.514641,1
JOB_0372,2026-01-05 21:14:00,3.03,2026-01-06 01:49:52.869517,2
JOB_0373,2026-01-06 22:51:00,4.89,2026-01-07 16:36:16.527112,1
JOB_0374,2026-01-06 01:22:00,2.2,2026-01-07 09:44:49.171930,2
JOB_0375,2026-01-05 00:58:00,3.06,2026-01-06 02:59:18.919958,3
JOB_0376,2026-01-06 05:42:00,2.43,2026-01-07 16:44:09.275169,3
JOB_0377,2026-01-06 22:21:00,4.68,2026-01-07 23:40:16.229462,3
JOB_0378,2026-01-06 11:08:00,1.84,2026-01-07 19:04:34.726603,2
JOB_0379,2026-01-05 05:10:00,0.62,2026-01-06 05:18:10.167064,1
JOB_0380,2026-01-05 22:17:00,1.61,2026-01-06 10:59:28.644407,3
JOB_0381,2026-01-05 06:46:00,2.69,2026-01-06 18:29:15.028772,3
JOB_0382,2026-01-05 08:05:00,1.29,2026-01-05 13:51:15.692503,1
JOB_0383,2026-01-06 01:13:00,0.69,2026-01-06 21:56:49.587750,2
JOB_0384,2026-01-06 11:01:00,4.17,2026-01-07 22:41:52.521809,1
JOB_0385,2026-01-06 10:47:00,3.45,2026-01-06 21:57:58.341209,1
JOB_0386,2026-01-05 05:49:00,3.2,2026-01-06 15:47:37.504544,1
JOB_0387,2026-01-05 21:27:00,1.11,2026-01-06 02:08:17.800134,2
JOB_0388,2026-01-06 05:01:00,1.34,2026-01-06 22:46:30.218351,1
JOB_0389,2026-01-06 10:12:00,4.32,2026-01-07 14:57:00.051798,1
JOB_0390,2026-01-05 22:24:00,0.85,2026-01-06 21:59:52.289061,2
JOB_0391,2026-01-05 04:57:00,4.36,2026-01-05 18:27:02.039329,2
JOB_0392,2026-01-06 14:05:00,2.26,2026-01-07 12:49:29.923342,1
JOB_0393,2026-01-05 13:52:00,2.02,2026-01-05 18:57:13.588225,3
JOB_0394,2026-01-05 15:18:00,2.63,2026-01-06 03:50:00.352450,3
JOB_0395,2026-01-05 02:42:00,1.03,2026-01-05 12:30:18.813676,1
JOB_0396,2026-01-06 00:36:00,2.11,2026-01-06 11:49:44.428239,1
JOB_0397,2026-01-05 10:18:00,1.44,2026-01-06 22:03:14.096954,1
JOB_0398,2026-01-06 16:07:00,3.85,2026-01-07 01:47:07.176641,2
JOB_0399,2026-01-06 03:36:00,3.87,2026-01-07 01:52:14.401383,3
JOB_0400,2026-01-05 18:21:00,1.59,2026-01-07 05:02:26.785271,2
JOB_0401,2026-01-06 12:14:00,1.77,2026-01-07 19:22:19.309655,1
JOB_0402,2026-01-05 11:41:00,3.11,2026-01-06 11:20:47.856905,3
JOB_0403,2026-01-05 22:47:00,4.91,2026-01-06 07:15:56.372063,1
JOB_0404,2026-01-06 07:41:00,0.84,2026-01-07 08:34:11.449686,3
JOB_0405,2026-01-05 04:30:00,4.78,2026-01-05 14:16:25.383015,1
JOB_0406,2026-01-06 03:54:00,1.0,2026-01-07 15:41:24.352572,2
JOB_0407,2026-01-05 17:28:00,2.22,2026-01-06 01:26:20.048545,2
JOB_0408,2026-01-06 11:30:00,3.07,2026-01-07 07:15:09.881472,1
JOB_0409,2026-01-06 08:25:00,3.61,2026-01-06 21:05:10.239686,3
JOB_0410,2026-01-06 16:33:00,1.21,2026-01-06 18:51:06.055253,1
JOB_0411,2026-01-06 14:42:00,1.72,2026-01-08 02:31:44.916745,1
JOB_0412,2026-01-05 20:13:00,2.37,2026-01-06 13:31:17.409736,3
JOB_0413,2026-01-06 18:29:00,3.1,2026-01-07 20:05:01.341747,3
JOB_0414,2026-01-05 10:37:00,2.25,2026-01-06 10:36:31.288757,1
JOB_0415,2026-01-05 19:30:00,2.95,2026-01-06 17:21:32.763642,3
JOB_0416,2026-01-06 07:09:00,1.66,2026-01-07 06:51:04.100727,3
JOB_0417,2026-01-05 17:37:00,3.52,2026-01-06 01:01:07.221143,2
JOB_0418,2026-01-06 05:36:00,0.67,2026-01-07 15:27:52.602600,1
JOB_0419,2026-01-06 00:47:00,1.09,2026-01-07 02:50:13.584345,3
JOB_0420,2026-01-05 02:07:00,1.33,2026-01-05 12:55:11.271805,3
JOB_0421,2026-01-06 20:21:00,3.3,2026-01-07 04:47:10.403813,1
JOB_0422,2026-01-06 05:54:00,3.55,2026-01-06 19:23:35.370808,3
JOB_0423,2026-01-06 03:40:00,4.14,2026-01-06 14:34:05.363606,2
JOB_0424,2026-01-06 07:38:00,3.91,2026-01-06 21:53:26.193482,1
JOB_0425,2026-01-06 02:04:00,4.42,2026-01-07 08:28:48.595242,3
JOB_0426,2026-01-05 20:34:00,1.57,2026-01-06 23:05:36.351010,3
JOB_0427,2026-01-05 13:01:00,1.06,2026-01-06 06:53:14.401836,1
JOB_0428,2026-01-05 08:54:00,4.35,2026-01-06 09:41:48.577741,3
JOB_0429,2026-01-05 21:58:00,0.94,2026-01-06 13:50:25.836288,1
JOB_0430,2026-01-05 23:06:00,1.76,2026-01-06 09:41:37.384782,1
JOB_0431,2026-01-05 19:10:00,3.48,2026-01-07 03:22:39.151506,3
JOB_0432,2026-01-05 02:44:00,2.04,2026-01-06 11:57:48.769109,2
JOB_0433,2026-01-05 17:40:00,4.48,2026-01-06 14:12:49.801865,3
JOB_0434,2026-01-06 05:47:00,1.0,2026-01-06 21:29:29.797248,2
JOB_0435,2026-01-05 02:06:00,3.62,2026-01-06 01:45:14.802108,2
JOB_0436,2026-01-05 02:00:00,3.92,2026-01-05 12:06:09.829104,3
JOB_0437,2026-01-06 16:02:00,1.24,2026-01-07 14:35:52.019413,3
JOB_0438,2026-01-05 11:35:00,3.44,2026-01-06 22:21:06.377495,3
JOB_0439,2026-01-06 23:26:00,1.88,2026-01-08 04:08:41.955243,1
JOB_0440,2026-01-06 06:29:00,3.76,2026-01-07 03:57:51.607848,1
JOB_0441,2026-01-06 01:41:00,0.54,2026-01-06 19:10:00.307404,3
JOB_0442,2026-01-06 12:41:00,4.81,2026-01-07 09:18:43.289919,1
JOB_0443,2026-01-06 18:36:00,2.9,2026-01-08 03:33:38.600500,1
JOB_0444,2026-01-06 20:06:00,1.59,2026-01-08 04:17:57.256013,1
JOB_0445,2026-01-05 11:01:00,2.32,2026-01-05 18:21:22.421935,1
JOB_0446,2026-01-05 02:26:00,4.52,2026-01-05 16:28:48.531398,1
JOB_0447,2026-01-06 02:51:00,2.44,2026-01-07 13:21:27.311487,1
JOB_0448,2026-01-05 04:23:00,4.53,2026-01-06 05:12:00.891186,2
JOB_0449,2026-01-06 06:20:00,2.68,2026-01-06 12:38:33.683389,1
JOB_0450,2026-01-06 08:51:00,1.64,2026-01-07 00:27:03.691689,1
JOB_0451,2026-01-05 23:37:00,3.18,2026-01-06 17:44:19.140923,3
JOB_0452,2026-01-05 18:41:00,3.23,2026-01-06 12:00:37.373736,2
JOB_0453,2026-01-06 16:46:00,1.19,2026-01-07 17:40:55.099518,1
JOB_0454,2026-01-06 09:39:00,2.85,2026-01-06 14:48:22.205522,2
JOB_0455,2026-01-05 05:27:00,4.82,2026-01-05 09:59:26.216803,3
JOB_0456,2026-01-05 18:08:00,1.88,2026-01-06 03:36:44.525747,1
JOB_0457,2026-01-06 21:41:00,4.47,2026-01-08 06:36:41.093921,2
JOB_0458,2026-01-05 18:25:00,4.39,2026-01-06 22:03:08.519942,1
JOB_0459,2026-01-06 06:34:00,3.19,2026-01-07 13:03:15.985172,3
JOB_0460,2026-01-05 16:02:00,4.72,2026-01-06 08:45:46.491508,3
JOB_0461,2026-01-06 14:42:00,2.42,2026-01-06 23:42:07.322879,2
JOB_0462,2026-01-06 02:17:00,2.69,2026-01-07 00:38:05.496764,1
JOB_0463,2026-01-05 03:17:00,2.32,2026-01-06 05:30:31.261582,2
JOB_0464,2026-01-05 09:29:00,4.76,2026-01-05 17:20:28.818835,3
JOB_0465,2026-01-05 04:06:00,3.98,2026-01-06 05:01:10.854965,2
JOB_0466,2026-01-06 23:52:00,3.25,2026-01-07 14:09:58.183076,3
JOB_0467,2026-01-06 11:32:00,0.59,2026-01-07 06:06:34.651457,1
JOB_0468,2026-01-05 13:09:00,4.87,2026-01-05 19:38:21.695408,3
JOB_0469,2026-01-06 22:23:00,3.04,2026-01-08 01:43:03.335843,2
JOB_0470,2026-01-05 19:33:00,3.84,2026-01-05 21:17:30.984943,3
JOB_0471,2026-01-06 19:16:00,1.49,2026-01-07 19:20:15.857510,2
JOB_0472,2026-01-05 05:09:00,3.93,2026-01-05 08:52:39.415521,3
JOB_0473,2026-01-06 17:59:00,1.34,2026-01-07 07:27:34.772756,1
JOB_0474,2026-01-06 04:39:00,3.44,2026-01-06 13:21:08.251176,2
JOB_0475,2026-01-06 23:02:00,1.62,2026-01-07 07:13:24.606846,3
JOB_0476,2026-01-06 22:17:00,2.06,2026-01-07 22:35:04.171973,1
JOB_0477,2026-01-05 03:10:00,3.89,2026-01-05 20:38:53.396971,3
JOB_0478,2026-01-05 11:46:00,3.54,2026-01-06 21:12:42.683748,2
JOB_0479,2026-01-06 07:15:00,0.98,2026-01-07 08:45:50.771376,1
JOB_0480,2026-01-06 06:55:00,4.46,2026-01-07 00:07:05.974501,1
JOB_0481,2026-01-05 11:19:00,1.89,2026-01-06 20:34:30.864358,2
JOB_0482,2026-01-05 07:29:00,3.59,2026-01-05 11:31:16.057300,2
JOB_0483,2026-01-06 13:29:00,2.31,2026-01-07 01:10:06.746293,3
JOB_0484,2026-01-06 11:20:00,2.41,2026-01-07 15:05:56.140217,3
JOB_0485,2026-01-06 17:45:00,1.8,2026-01-07 05:41:10.949803,1
JOB_0486,2026-01-06 00:53:00,0.72,2026-01-07 02:14:14.922248,2
JOB_0487,2026-01-05 08:59:00,0.84,2026-01-05 17:52:40.638685,1
JOB_0488,2026-01-05 07:37:00,3.71,2026-01-06 17:46:05.251408,3
JOB_0489,2026-01-06 14:28:00,3.73,2026-01-07 18:25:21.214480,2
JOB_0490,2026-01-05 05:27:00,2.96,2026-01-06 01:18:57.942061,1
JOB_0491,2026-01-05 06:19:00,1.87,2026-01-06 17:40:58.920398,1
JOB_0492,2026-01-05 10:16:00,1.14,2026-01-06 12:50:54.526811,1
JOB_0493,2026-01-06 08:54:00,4.29,2026-01-07 06:50:53.408840,1
JOB_0494,2026-01-05 05:24:00,1.09,2026-01-06 14:34:39.535222,3
JOB_0495,2026-01-06 23:38:00,0.81,2026-01-07 16:20:19.006476,1
JOB_0496,2026-01-05 08:28:00,4.99,2026-01-06 09:57:50.354866,1
JOB_0497,2026-01-06 10:47:00,2.74,2026-01-07 18:14:09.169784,2
JOB_0498,2026-01-06 15:57:00,4.91,2026-01-06 18:01:34.306818,1
JOB_0499,2026-01-06 01:07:00,2.2,2026-01-06 13:19:34.929236,3
JOB_0500,2026-01-06 09:16:00,3.7,2026-01-06 12:03:56.181392,2
JOB_0501,2026-01-05 06:28:00,2.4,2026-01-06 05:40:38.255100,2
JOB_0502,2026-01-05 21:01:00,3.09,2026-01-07 07:07:22.886657,2
JOB_0503,2026-01-06 14:27:00,1.56,2026-01-07 06:36:44.392222,1
JOB_0504,2026-01-06 08:37:00,2.74,2026-01-06 11:01:02.751115,1
JOB_0505,2026-01-06 05:13:00,3.0,2026-01-06 20:27:56.373197,1
JOB_0506,2026-01-05 02:03:00,3.45,2026-01-06 13:46:35.659932,2
JOB_0507,2026-01-06 12:12:00,1.33,2026-01-06 15:59:59.388294,2
JOB_0508,2026-01-06 17:32:00,1.16,2026-01-08 02:24:02.580329,3
JOB_0509,2026-01-05 13:42:00,4.2,2026-01-05 20:21:35.410051,2
JOB_0510,2026-01-05 10:34:00,4.83,2026-01-06 01:11:26.828323,1
JOB_0511,2026-01-06 06:56:00,2.95,2026-01-06 22:00:36.619218,1
JOB_0512,2026-01-05 23:49:00,3.06,2026-01-07 04:31:40.668578,2
JOB_0513,2026-01-06 09:49:00,3.3,2026-01-06 18:18:01.354818,3
JOB_0514,2026-01-05 02:26:00,4.09,2026-01-06 02:54:12.948050,3
JOB_0515,2026-01-06 03:46:00,2.12,2026-01-07 10:13:30.902388,1
JOB_0516,2026-01-05 16:53:00,2.48,2026-01-07 02:20:29.792461,3
JOB_0517,2026-01-05 00:14:00,1.87,2026-01-06 08:04:30.497456,2
JOB_0518,2026-01-06 22:38:00,1.33,2026-01-07 16:06:25.810844,1
JOB_0519,2026-01-06 15:16:00,3.09,2026-01-06 17:52:05.355576,2
JOB_0520,2026-01-05 14:03:00,2.27,2026-01-06 01:26:10.911469,3
JOB_0521,2026-01-06 07:29:00,1.91,2026-01-07 19:25:59.257005,1
JOB_0522,2026-01-05 21:28:00,1.94,2026-01-07 06:38:27.643444,3
JOB_0523,2026-01-06 19:38:00,1.51,2026-01-07 20:08:59.158685,2
JOB_0524,2026-01-05 05:05:00,3.22,2026-01-05 23:31:28.942644,1
JOB_0525,2026-01-06 14:27:00,2.17,2026-01-07 23:27:38.994336,2
JOB_0526,2026-01-06 18:22:00,0.96,2026-01-07 19:15:32.808866,3
JOB_0527,2026-01-05 20:34:00,4.6,2026-01-06 08:04:02.117975,2
JOB_0528,2026-01-05 08:40:00,3.01,2026-01-06 08:20:32.307243,3
JOB_0529,2026-01-06 02:01:00,4.46,2026-01-07 09:43:19.722734,1
JOB_0530,2026-01-05 03:12:00,3.78,2026-01-05 10:24:44.801014,1
JOB_0531,2026-01-05 00:13:00,1.46,2026-01-06 03:21:50.918270,3
JOB_0532,2026-01-06 08:33:00,1.77,2026-01-07 13:27:46.663755,3
JOB_0533,2026-01-06 19:04:00,3.74,2026-01-07 18:51:06.950901,1
JOB_0534,2026-01-06 10:55:00,0.97,2026-01-07 20:17:02.332828,1
JOB_0535,2026-01-05 03:11:00,0.52,2026-01-06 01:04:07.149858,3
JOB_0536,2026-01-06 02:34:00,2.58,2026-01-06 05:24:30.126286,1
JOB_0537,2026-01-05 01:46:00,2.79,2026-01-06 10:27:01.498371,1
JOB_0538,2026-01-05 04:08:00,2.07,2026-01-05 05:38:22.052485,3
JOB_0539,2026-01-05 14:40:00,4.1,2026-01-06 02:37:57.161878,3
JOB_0540,2026-01-06 15:25:00,4.05,2026-01-07 00:32:33.333153,1
JOB_0541,2026-01-06 04:59:00,2.13,2026-01-06 20:53:05.960714,3
JOB_0542,2026-01-05 01:45:00,1.09,2026-01-05 06:16:53.464656,2
JOB_0543,2026-01-05 22:38:00,1.67,2026-01-06 22:09:15.481563,3
JOB_0544,2026-01-06 22:19:00,3.79,2026-01-07 20:49:20.966884,2
JOB_0545,2026-01-05 13:59:00,1.11,2026-01-06 12:03:42.194560,1
JOB_0546,2026-01-05 18:31:00,3.7,2026-01-06 19:04:01.286858,3
JOB_0547,2026-01-05 09:26:00,1.87,2026-01-06 05:29:28.339538,1
JOB_0548,2026-01-05 09:55:00,2.15,2026-01-06 16:39:49.761403,1
JOB_0549,2026-01-05 17:11:00,0.7,2026-01-05 19:46:58.197328,2
JOB_0550,2026-01-06 00:07:00,0.55,2026-01-06 07:19:53.886146,3
JOB_0551,2026-01-06 20:31:00,1.85,2026-01-07 12:58:23.194289,1
JOB_0552,2026-01-06 07:02:00,1.22,2026-01-06 13:40:41.682196,1
JOB_0553,2026-01-06 07:43:00,1.89,2026-01-06 12:11:49.652878,1
JOB_0554,2026-01-06 13:05:00,1.33,2026-01-07 21:08:24.713046,3
JOB_0555,2026-01-05 16:37:00,4.93,2026-01-06 12:48:11.435881,1
JOB_0556,2026-01-06 02:56:00,2.47,2026-01-07 11:59:13.357825,2
JOB_0557,2026-01-05 16:00:00,2.85,2026-01-06 12:07:25.138478,2
JOB_0558,2026-01-06 06:01:00,3.52,2026-01-06 14:43:00.824874,2
JOB_0559,2026-01-05 21:31:00,4.29,2026-01-06 20:19:21.135040,1
JOB_0560,2026-01-05 02:56:00,2.3,2026-01-05 10:53:52.375363,2
JOB_0561,2026-01-06 22:06:00,1.8,2026-01-08 05:29:12.033963,1
JOB_0562,2026-01-06 20:20:00,3.44,2026-01-07 01:37:58.281429,2
JOB_0563,2026-01-05 18:30:00,2.4,2026-01-07 01:37:42.012766,2
JOB_0564,2026-01-06 08:18:00,4.64,2026-01-07 00:33:39.130213,2
JOB_0565,2026-01-06 16:05:00,2.34,2026-01-08 04:00:11.599688,3
JOB_0566,2026-01-06 17:02:00,0.93,2026-01-07 11:28:01.477494,2
JOB_0567,2026-01-06 04:36:00,4.88,2026-01-06 12:42:18.408158,2
JOB_0568,2026-01-06 17:51:00,3.67,2026-01-07 05:45:40.624896,2
JOB_0569,2026-01-06 14:04:00,3.49,2026-01-07 16:08:40.535007,1
JOB_0570,2026-01-05 20:12:00,0.79,2026-01-06 03:01:33.270438,2
JOB_0571,2026-01-05 23:17:00,4.71,2026-01-06 17:44:18.565253,1
JOB_0572,2026-01-05 19:48:00,0.93,2026-01-05 21:26:06.516168,1
JOB_0573,2026-01-05 22:06:00,4.83,2026-01-07 02:40:22.964017,3
JOB_0574,2026-01-05 07:26:00,4.83,2026-01-06 01:00:03.834030,2
JOB_0575,2026-01-05 06:30:00,2.78,2026-01-06 09:42:12.769303,1
JOB_0576,2026-01-05 17:36:00,1.82,2026-01-06 22:44:46.346287,3
JOB_0577,2026-01-06 02:42:00,3.62,2026-01-06 18:53:50.030462,1
JOB_0578,2026-01-05 03:11:00,4.32,2026-01-05 20:33:14.558830,2
JOB_0579,2026-01-06 19:13:00,4.78,2026-01-07 12:32:43.700481,2
JOB_0580,2026-01-05 04:30:00,2.05,2026-01-06 12:28:01.461196,3
JOB_0581,2026-01-05 03:02:00,1.54,2026-01-06 02:44:38.723645,2
JOB_0582,2026-01-06 09:25:00,2.47,2026-01-07 06:23:50.709190,1
JOB_0583,2026-01-06 16:42:00,4.17,2026-01-06 21:27:01.981478,3
JOB_0584,2026-01-05 11:06:00,2.02,2026-01-05 14:12:31.116668,1
JOB_0585,2026-01-06 08:47:00,1.88,2026-01-06 18:21:13.646140,3
JOB_0586,2026-01-05 18:48:00,2.63,2026-01-06 15:13:11.466160,1
JOB_0587,2026-01-06 19:46:00,4.27,2026-01-07 07:08:42.158149,1
JOB_0588,2026-01-06 13:43:00,0.57,2026-01-06 17:04:33.468524,2
JOB_0589,2026-01-06 20:57:00,3.8,2026-01-08 00:16:22.040467,1
JOB_0590,2026-01-06 22:45:00,4.06,2026-01-07 00:43:05.416906,1
JOB_0591,2026-01-05 03:20:00,4.04,2026-01-05 17:43:35.388860,2
JOB_0592,2026-01-06 17:19:00,4.72,2026-01-07 03:10:51.886769,1
JOB_0593,2026-01-05 19:55:00,4.15,2026-01-07 00:56:38.009875,2
JOB_0594,2026-01-05 22:56:00,1.19,2026-01-06 07:20:52.018107,3
JOB_0595,2026-01-06 17:03:00,3.92,2026-01-07 18:01:22.601877,2
JOB_0596,2026-01-06 05:46:00,3.78,2026-01-07 01:27:27.380357,3
JOB_0597,2026-01-06 20:53:00,2.54,2026-01-06 22:12:03.597167,2
JOB_0598,2026-01-06 13:08:00,1.46,2026-01-07 09:26:15.046931,2
JOB_0599,2026-01-06 19:43:00,3.11,2026-01-06 23:52:21.817108,3
JOB_0600,2026-01-05 01:37:00,2.16,2026-01-05 20:51:32.138056,1
JOB_0601,2026-01-06 00:29:00,4.34,2026-01-06 15:06:36.738050,2
JOB_0602,2026-01-05 21:45:00,2.16,2026-01-06 02:24:51.328865,1
JOB_0603,2026-01-05 13:58:00,3.44,2026-01-06 02:08:34.903211,3
JOB_0604,2026-01-05 21:04:00,1.68,2026-01-06 15:24:38.096316,1
JOB_0605,2026-01-06 12:11:00,3.89,2026-01-06 16:40:59.162108,1
JOB_0606,2026-01-06 19:15:00,1.85,2026-01-08 03:01:53.478369,2
JOB_0607,2026-01-05 11:42:00,2.31,2026-01-05 19:20:39.885228,2
JOB_0608,2026-01-05 08:56:00,2.17,2026-01-05 15:54:59.114632,2
JOB_0609,2026-01-05 04:19:00,0.74,2026-01-05 18:07:19.864827,2
JOB_0610,2026-01-06 20:46:00,4.37,2026-01-08 05:21:13.244298,3
JOB_0611,2026-01-05 16:23:00,1.78,2026-01-06 21:01:07.966231,3
JOB_0612,2026-01-05 23:40:00,2.77,2026-01-06 01:27:10.999414,3
JOB_0613,2026-01-06 11:32:00,3.71,2026-01-06 13:34:49.229066,3
JOB_0614,2026-01-06 20:59:00,0.79,2026-01-07 07:41:45.896077,2
JOB_0615,2026-01-06 06:55:00,1.5,2026-01-06 16:21:18.673528,3
JOB_0616,2026-01-06 09:45:00,1.86,2026-01-07 04:48:52.917716,3
JOB_0617,2026-01-05 11:09:00,4.3,2026-01-06 16:45:55.669223,3
JOB_0618,2026-01-05 10:34:00,1.93,2026-01-06 00:32:07.267440,2
JOB_0619,2026-01-05 00:59:00,2.94,2026-01-05 15:50:29.818554,1
JOB_0620,2026-01-05 07:28:00,1.02,2026-01-05 12:26:53.694149,2
JOB_0621,2026-01-05 05:18:00,3.47,2026-01-06 11:46:52.134219,2
JOB_0622,2026-01-05 04:46:00,3.82,2026-01-06 14:02:27.072361,1
JOB_0623,2026-01-06 22:58:00,1.11,2026-01-08 00:46:19.761953,1
JOB_0624,2026-01-05 08:59:00,2.93,2026-01-06 13:53:36.044644,2
JOB_0625,2026-01-05 03:53:00,3.33,2026-01-06 08:59:42.442162,3
JOB_0626,2026-01-05 10:16:00,4.82,2026-01-06 16:28:33.169584,3
JOB_0627,2026-01-05 21:56:00,3.07,2026-01-06 21:30:02.196071,3
JOB_0628,2026-01-05 05:24:00,3.35,2026-01-05 11:02:24.471418,1
JOB_0629,2026-01-06 00:50:00,1.39,2026-01-07 11:28:02.202297,2
JOB_0630,2026-01-06 00:11:00,0.52,2026-01-06 08:20:46.274028,3
JOB_0631,2026-01-05 05:16:00,1.38,2026-01-06 07:49:46.264915,3
JOB_0632,2026-01-05 05:37:00,4.53,2026-01-05 15:42:46.522774,2
JOB_0633,2026-01-05 15:00:00,1.85,2026-01-05 18:57:51.920829,1
JOB_0634,2026-01-06 07:05:00,3.68,2026-01-07 01:32:01.287257,2
JOB_0635,2026-01-05 09:11:00,4.34,2026-01-05 21:08:09.589785,2
JOB_0636,2026-01-06 02:40:00,1.45,2026-01-06 12:26:09.707481,3
JOB_0637,2026-01-06 08:04:00,3.06,2026-01-07 05:56:30.620600,2
JOB_0638,2026-01-05 05:32:00,2.23,2026-01-05 22:59:57.550581,2
JOB_0639,2026-01-05 16:10:00,1.83,2026-01-07 03:11:08.358765,3
JOB_0640,2026-01-06 13:21:00,0.87,2026-01-06 22:16:49.960972,2
JOB_0641,2026-01-05 22:26:00,1.58,2026-01-07 07:17:06.355710,1
JOB_0642,2026-01-05 21:11:00,4.34,2026-01-06 20:32:04.548779,1
JOB_0643,2026-01-05 15:07:00,4.15,2026-01-06 04:02:12.984932,2
JOB_0644,2026-01-05 07:34:00,2.02,2026-01-06 16:52:45.356724,3
JOB_0645,2026-01-05 14:53:00,4.78,2026-01-06 11:32:35.254085,3
JOB_0646,2026-01-05 23:10:00,0.8,2026-01-07 08:55:11.568686,2
JOB_0647,2026-01-06 16:06:00,1.57,2026-01-07 18:51:14.053403,2
JOB_0648,2026-01-06 10:58:00,4.98,2026-01-07 01:04:36.719788,3
JOB_0649,2026-01-05 17:45:00,0.63,2026-01-07 02:26:29.043432,1
JOB_0650,2026-01-05 18:39:00,2.76,2026-01-05 21:14:47.422451,2
JOB_0651,2026-01-05 02:38:00,4.73,2026-01-05 20:33:58.378001,3
JOB_0652,2026-01-05 20:15:00,2.41,2026-01-06 01:44:44.423325,1
JOB_0653,2026-01-06 15:54:00,3.26,2026-01-07 00:45:30.387202,1
JOB_0654,2026-01-06 06:09:00,4.91,2026-01-07 03:01:58.719605,2
JOB_0655,2026-01-06 02:43:00,0.67,2026-01-07 06:35:38.824678,2
JOB_0656,2026-01-05 19:04:00,2.73,2026-01-06 15:24:57.985471,2
JOB_0657,2026-01-06 21:50:00,1.48,2026-01-07 20:52:24.910729,1
JOB_0658,2026-01-06 06:31:00,2.83,2026-01-07 00:33:17.636716,1
JOB_0659,2026-01-05 01:49:00,3.11,2026-01-05 16:58:40.962480,3
JOB_0660,2026-01-05 20:06:00,3.59,2026-01-07 07:18:22.683235,2
JOB_0661,2026-01-06 10:40:00,0.68,2026-01-07 21:17:18.627714,2
JOB_0662,2026-01-06 01:14:00,4.18,2026-01-06 23:53:04.782024,1
JOB_0663,2026-01-06 15:47:00,3.35,2026-01-08 03:07:59.899904,2
JOB_0664,2026-01-05 07:08:00,1.38,2026-01-06 02:04:41.047534,1
JOB_0665,2026-01-06 01:25:00,2.2,2026-01-07 08:31:29.476010,2
JOB_0666,2026-01-06 05:02:00,4.84,2026-01-07 08:20:39.253260,1
JOB_0667,2026-01-05 19:22:00,0.81,2026-01-06 15:28:37.503679,1
JOB_0668,2026-01-06 18:40:00,3.21,2026-01-07 12:17:31.881180,3
JOB_0669,2026-01-06 15:48:00,3.18,2026-01-06 17:23:11.065400,3
JOB_0670,2026-01-05 20:06:00,3.77,2026-01-06 13:05:51.284268,3
JOB_0671,2026-01-05 06:20:00,2.87,2026-01-06 06:01:34.587387,1
JOB_0672,2026-01-06 05:22:00,4.61,2026-01-06 20:36:55.457106,2
JOB_0673,2026-01-06 06:34:00,2.99,2026-01-06 22:52:44.257609,3
JOB_0674,2026-01-05 03:48:00,2.39,2026-01-05 12:25:39.729656,2
JOB_0675,2026-01-05 02:14:00,4.21,2026-01-05 19:31:39.676016,1
JOB_0676,2026-01-05 05:19:00,3.69,2026-01-05 21:52:12.236893,1
JOB_0677,2026-01-06 06:42:00,2.25,2026-01-07 10:03:58.286619,1
JOB_0678,2026-01-05 04:32:00,1.44,2026-01-05 08:45:35.477869,2
JOB_0679,2026-01-05 12:14:00,1.07,2026-01-06 03:03:11.563060,2
JOB_0680,2026-01-05 07:13:00,4.66,2026-01-06 13:19:22.361586,3
JOB_0681,2026-01-05 16:29:00,4.13,2026-01-05 22:40:46.379995,1
JOB_0682,2026-01-06 05:47:00,2.32,2026-01-07 07:38:18.909474,3
JOB_0683,2026-01-06 08:40:00,2.57,2026-01-07 14:54:43.893478,2
JOB_0684,2026-01-06 07:30:00,2.57,2026-01-06 23:38:37.604496,1
JOB_0685,2026-01-05 15:18:00,1.28,2026-01-05 17:20:40.308840,1
JOB_0686,2026-01-06 12:50:00,4.0,2026-01-06 18:21:20.283708,1
JOB_0687,2026-01-06 19:21:00,2.6,2026-01-07 19:55:02.046309,2
JOB_0688,2026-01-06 20:47:00,1.61,2026-01-08 06:04:32.116121,3
JOB_0689,2026-01-06 02:03:00,4.01,2026-01-07 08:12:07.918915,1
JOB_0690,2026-01-05 02:41:00,1.72,2026-01-05 04:48:06.593578,1
JOB_0691,2026-01-06 00:01:00,0.73,2026-01-06 15:47:50.004308,2
JOB_0692,2026-01-06 22:27:00,3.08,2026-01-08 04:21:56.420221,3
JOB_0693,2026-01-06 19:15:00,3.05,2026-01-07 01:24:50.289851,2
JOB_0694,2026-01-05 01:38:00,3.01,2026-01-05 19:13:22.504270,2
JOB_0695,2026-01-05 00:24:00,4.99,2026-01-06 11:02:45.555355,2
JOB_0696,2026-01-05 22:14:00,4.74,2026-01-06 05:09:54.612129,1
JOB_0697,2026-01-05 13:11:00,3.71,2026-01-05 20:57:34.301655,3
JOB_0698,2026-01-05 10:54:00,4.66,2026-01-05 18:34:01.842902,3
JOB_0699,2026-01-05 01:08:00,4.84,2026-01-05 03:27:33.708285,1
JOB_0700,2026-01-06 08:24:00,1.43,2026-01-06 13:31:19.291348,2
JOB_0701,2026-01-06 11:08:00,1.56,2026-01-06 21:33:31.905300,1
JOB_0702,2026-01-06 00:26:00,4.7,2026-01-06 10:10:14.972403,3
JOB_0703,2026-01-05 19:08:00,1.84,2026-01-06 18:26:58.024421,3
JOB_0704,2026-01-06 13:32:00,1.55,2026-01-07 08:06:27.820790,3
JOB_0705,2026-01-05 07:54:00,2.5,2026-01-05 13:42:35.096828,1
JOB_0706,2026-01-06 17:10:00,1.61,2026-01-07 17:03:02.213253,2
JOB_0707,2026-01-06 00:38:00,2.78,2026-01-07 10:47:47.520597,2
JOB_0708,2026-01-06 20:19:00,1.8,2026-01-07 19:30:03.565695,1
JOB_0709,2026-01-05 15:59:00,1.4,2026-01-05 19:09:13.063351,3
JOB_0710,2026-01-05 16:42:00,0.81,2026-01-07 00:45:44.885559,1
JOB_0711,2026-01-05 19:14:00,3.42,2026-01-07 02:06:48.343895,2
JOB_0712,2026-01-05 05:25:00,4.09,2026-01-06 05:57:47.822524,2
JOB_0713,2026-01-05 03:15:00,0.55,2026-01-05 22:51:50.354434,1
JOB_0714,2026-01-06 05:51:00,3.2,2026-01-07 09:17:17.653987,2
JOB_0715,2026-01-05 05:15:00,3.11,2026-01-06 05:44:08.376353,3
JOB_0716,2026-01-05 13:55:00,2.08,2026-01-06 19:39:47.838970,3
JOB_0717,2026-01-06 23:55:00,3.69,2026-01-07 13:51:08.084520,1
JOB_0718,2026-01-05 00:48:00,2.98,2026-01-05 14:52:04.412137,2
JOB_0719,2026-01-05 17:48:00,2.68,2026-01-06 10:25:34.789876,3
JOB_0720,2026-01-06 06:21:00,4.23,2026-01-07 05:50:05.702158,3
JOB_0721,2026-01-05 12:38:00,2.66,2026-01-06 01:03:27.606428,1
JOB_0722,2026-01-06 08:35:00,0.52,2026-01-07 20:16:13.799114,1
JOB_0723,2026-01-05 23:26:00,4.38,2026-01-06 12:59:44.903743,3
JOB_0724,2026-01-06 11:55:00,3.65,2026-01-07 05:58:46.750505,3
JOB_0725,2026-01-06 08:52:00,0.53,2026-01-07 05:11:35.485317,2
JOB_0726,2026-01-06 21:46:00,4.66,2026-01-08 05:25:15.294345,2
JOB_0727,2026-01-06 17:16:00,2.32,2026-01-07 06:28:42.850600,2
JOB_0728,2026-01-05 22:45:00,2.05,2026-01-06 01:50:56.347556,3
JOB_0729,2026-01-05 08:20:00,2.43,2026-01-06 10:22:58.657049,3
JOB_0730,2026-01-06 21:02:00,2.47,2026-01-07 03:07:53.493677,1
JOB_0731,2026-01-05 20:58:00,3.06,2026-01-05 23:53:20.412212,1
JOB_0732,2026-01-05 22:11:00,3.12,2026-01-07 04:03:29.404200,2
JOB_0733,2026-01-05 20:00:00,1.88,2026-01-07 06:02:03.655914,3
JOB_0734,2026-01-06 13:22:00,3.0,2026-01-07 09:50:52.098954,1
JOB_0735,2026-01-05 00:11:00,3.46,2026-01-05 11:19:04.576123,3
JOB_0736,2026-01-05 04:31:00,1.4,2026-01-06 03:15:06.604624,1
JOB_0737,2026-01-06 22:52:00,3.46,2026-01-07 23:44:38.119790,3
JOB_0738,2026-01-05 17:54:00,0.93,2026-01-06 19:20:10.901808,1
JOB_0739,2026-01-06 08:33:00,1.93,2026-01-07 18:40:41.637880,2
JOB_0740,2026-01-06 02:55:00,0.93,2026-01-06 17:09:41.740146,1
JOB_0741,2026-01-05 11:36:00,2.59,2026-01-05 13:08:10.858009,2
JOB_0742,2026-01-06 04:13:00,4.44,2026-01-06 11:43:29.108051,2
JOB_0743,2026-01-06 03:56:00,2.85,2026-01-07 00:18:03.924329,1
JOB_0744,2026-01-06 14:29:00,1.62,2026-01-07 04:58:49.558563,1
JOB_0745,2026-01-06 23:12:00,1.2,2026-01-08 02:50:42.433083,1
JOB_0746,2026-01-05 12:32:00,3.11,2026-01-05 23:19:23.615849,2
JOB_0747,2026-01-05 10:28:00,2.26,2026-01-06 17:22:01.364975,3
JOB_0748,2026-01-06 09:24:00,0.65,2026-01-07 08:51:09.198808,3
JOB_0749,2026-01-05 02:18:00,1.24,2026-01-05 13:20:50.808555,1
JOB_0750,2026-01-05 09:14:00,1.25,2026-01-06 00:33:58.707202,3
JOB_0751,2026-01-05 12:06:00,0.7,2026-01-05 17:01:23.552946,1
JOB_0752,2026-01-06 07:40:00,3.89,2026-01-06 17:01:10.217282,1
JOB_0753,2026-01-05 16:36:00,4.02,2026-01-06 03:29:21.481431,1
JOB_0754,2026-01-06 04:48:00,4.16,2026-01-06 18:41:58.292275,2
JOB_0755,2026-01-05 22:20:00,0.71,2026-01-07 06:16:50.337480,2
JOB_0756,2026-01-05 08:43:00,2.84,2026-01-06 08:25:04.823674,1
JOB_0757,2026-01-05 09:09:00,3.15,2026-01-06 07:40:10.588087,1
JOB_0758,2026-01-06 02:35:00,2.34,2026-01-06 10:14:01.414876,1
JOB_0759,2026-01-05 06:03:00,3.37,2026-01-05 17:14:16.369776,3
JOB_0760,2026-01-05 05:17:00,3.96,2026-01-05 06:17:11.194484,1
JOB_0761,2026-01-05 06:30:00,4.86,2026-01-05 14:10:55.480456,2
JOB_0762,2026-01-06 03:54:00,1.56,2026-01-06 22:25:52.690090,3
JOB_0763,2026-01-06 16:22:00,2.44,2026-01-07 07:04:23.094167,3
JOB_0764,2026-01-06 10:58:00,2.34,2026-01-07 01:24:04.778196,2
JOB_0765,2026-01-05 10:12:00,4.15,2026-01-06 09:36:51.503900,1
JOB_0766,2026-01-05 14:07:00,0.89,2026-01-06 03:47:34.204537,3
JOB_0767,2026-01-06 08:12:00,2.96,2026-01-06 19:27:35.113778,3
JOB_0768,2026-01-06 14:21:00,4.49,2026-01-07 16:39:11.386974,2
JOB_0769,2026-01-05 23:39:00,4.17,2026-01-06 05:13:31.042245,1
JOB_0770,2026-01-05 13:16:00,1.62,2026-01-05 22:21:38.342307,1
JOB_0771,2026-01-06 10:37:00,4.56,2026-01-06 21:17:30.650822,3
JOB_0772,2026-01-05 22:30:00,3.41,2026-01-07 04:58:52.093009,2
JOB_0773,2026-01-05 14:01:00,2.6,2026-01-05 20:36:35.797098,3
JOB_0774,2026-01-06 13:14:00,2.1,2026-01-07 01:46:18.984050,3
JOB_0775,2026-01-05 18:57:00,3.63,2026-01-06 15:02:53.860145,2
JOB_0776,2026-01-05 14:33:00,4.09,2026-01-06 15:45:13.101805,1
JOB_0777,2026-01-05 15:48:00,2.76,2026-01-05 17:01:31.860123,1
JOB_0778,2026-01-06 07:30:00,1.26,2026-01-07 04:47:22.026421,2
JOB_0779,2026-01-05 10:39:00,2.12,2026-01-05 19:04:57.618490,3
JOB_0780,2026-01-05 16:19:00,1.16,2026-01-06 01:37:41.004531,3
JOB_0781,2026-01-05 08:28:00,1.33,2026-01-06 07:11:59.437496,3
JOB_0782,2026-01-06 12:22:00,2.73,2026-01-07 20:57:07.863352,3
JOB_0783,2026-01-05 14:53:00,3.23,2026-01-07 00:30:40.280194,1
JOB_0784,2026-01-06 16:55:00,4.38,2026-01-07 22:58:00.815692,2
JOB_0785,2026-01-05 07:14:00,3.29,2026-01-06 02:17:57.869406,2
JOB_0786,2026-01-06 01:53:00,0.61,2026-01-06 12:31:15.607110,1
JOB_0787,2026-01-05 20:38:00,4.7,2026-01-06 21:09:59.765914,3
JOB_0788,2026-01-05 10:46:00,4.67,2026-01-06 07:21:20.110114,1
JOB_0789,2026-01-06 15:19:00,3.0,2026-01-07 19:54:11.918860,3
JOB_0790,2026-01-05 09:23:00,1.36,2026-01-06 17:24:22.320851,2
JOB_0791,2026-01-05 02:18:00,2.9,2026-01-05 07:11:10.714061,1
JOB_0792,2026-01-05 09:49:00,4.15,2026-01-06 11:05:56.163687,1
JOB_0793,2026-01-06 19:51:00,2.54,2026-01-07 11:01:39.823228,2
JOB_0794,2026-01-05 02:52:00,4.18,2026-01-06 07:43:05.913244,2
JOB_0795,2026-01-06 09:13:00,0.66,2026-01-06 21:20:56.116097,3
JOB_0796,2026-01-05 20:38:00,4.08,2026-01-06 22:05:32.829678,2
JOB_0797,2026-01-05 01:10:00,4.87,2026-01-05 11:48:16.015579,3
JOB_0798,2026-01-06 15:59:00,2.01,2026-01-06 22:21:22.038954,3
JOB_0799,2026-01-05 20:50:00,1.72,2026-01-07 07:30:35.242014,1
JOB_0800,2026-01-05 02:42:00,2.53,2026-01-05 10:25:36.804583,1
JOB_0801,2026-01-05 20:03:00,2.23,2026-01-07 07:20:49.630156,3
JOB_0802,2026-01-06 21:13:00,4.43,2026-01-08 06:06:11.699578,1
JOB_0803,2026-01-06 09:50:00,4.47,2026-01-07 14:53:16.635138,2
JOB_0804,2026-01-05 14:55:00,2.6,2026-01-06 21:00:22.757740,1
JOB_0805,2026-01-05 22:39:00,4.62,2026-01-06 05:36:33.280206,1
JOB_0806,2026-01-06 16:28:00,3.44,2026-01-07 08:50:09.734966,2
JOB_0807,2026-01-06 08:59:00,1.97,2026-01-06 20:04:30.250721,2
JOB_0808,2026-01-05 21:46:00,0.52,2026-01-06 00:38:45.834257,3
JOB_0809,2026-01-05 15:18:00,3.88,2026-01-06 01:28:50.272481,3
JOB_0810,2026-01-06 21:22:00,4.87,2026-01-07 01:45:26.039276,3
JOB_0811,2026-01-05 09:33:00,4.92,2026-01-06 07:29:02.929923,1
JOB_0812,2026-01-06 13:46:00,4.61,2026-01-07 17:44:40.316862,1
JOB_0813,2026-01-05 12:45:00,0.98,2026-01-05 20:06:46.419159,3
JOB_0814,2026-01-05 19:20:00,1.51,2026-01-06 23:39:56.404905,1
JOB_0815,2026-01-06 03:38:00,2.61,2026-01-07 03:41:46.545354,3
JOB_0816,2026-01-06 00:18:00,0.97,2026-01-06 08:50:58.231631,2
JOB_0817,2026-01-05 09:53:00,4.99,2026-01-05 15:00:37.007965,1
JOB_0818,2026-01-05 12:19:00,4.88,2026-01-06 18:10:45.650748,3
JOB_0819,2026-01-06 23:58:00,1.6,2026-01-07 03:36:26.174270,2
JOB_0820,2026-01-05 09:45:00,4.13,2026-01-06 04:33:52.231324,3
JOB_0821,2026-01-05 18:01:00,3.32,2026-01-06 02:17:05.801195,1
JOB_0822,2026-01-06 12:24:00,2.43,2026-01-06 13:59:20.211329,3
JOB_0823,2026-01-05 03:54:00,4.84,2026-01-05 07:02:33.320079,2
JOB_0824,2026-01-05 19:16:00,3.89,2026-01-06 16:11:46.730403,2
JOB_0825,2026-01-06 00:01:00,1.39,2026-01-06 01:01:57.719343,1
JOB_0826,2026-01-05 06:23:00,1.25,2026-01-06 15:23:02.434106,2
JOB_0827,2026-01-05 13:48:00,4.6,2026-01-06 19:02:15.669729,1
JOB_0828,2026-01-05 09:44:00,2.04,2026-01-06 15:38:07.207479,3
JOB_0829,2026-01-06 22:19:00,4.93,2026-01-07 23:05:15.900646,3
JOB_0830,2026-01-05 11:30:00,3.06,2026-01-06 01:42:59.589669,2
JOB_0831,2026-01-05 07:35:00,1.6,2026-01-05 09:56:51.754189,3
JOB_0832,2026-01-06 04:17:00,2.62,2026-01-06 22:36:27.897095,1
JOB_0833,2026-01-05 16:36:00,3.47,2026-01-06 08:10:05.321023,2
JOB_0834,2026-01-05 16:49:00,2.24,2026-01-05 21:12:50.251844,2
JOB_0835,2026-01-06 08:27:00,1.49,2026-01-06 11:33:33.896168,1
JOB_0836,2026-01-05 14:04:00,3.72,2026-01-06 10:31:28.143329,1
JOB_0837,2026-01-05 01:22:00,3.25,2026-01-06 07:54:08.819529,1
JOB_0838,2026-01-06 04:26:00,3.6,2026-01-06 09:45:10.673069,3
JOB_0839,2026-01-06 04:55:00,4.81,2026-01-07 09:26:22.550379,2
JOB_0840,2026-01-05 05:23:00,0.95,2026-01-06 06:38:30.970560,2
JOB_0841,2026-01-06 03:27:00,3.37,2026-01-06 23:59:13.741810,1
JOB_0842,2026-01-06 05:54:00,1.48,2026-01-06 18:58:06.422883,2
JOB_0843,2026-01-06 20:59:00,4.4,2026-01-07 12:50:57.548952,2
JOB_0844,2026-01-05 03:19:00,2.63,2026-01-05 17:04:30.669700,2
JOB_0845,2026-01-06 22:56:00,0.95,2026-01-07 05:07:00.022224,2
JOB_0846,2026-01-05 07:14:00,2.13,2026-01-05 21:04:10.392518,2
JOB_0847,2026-01-05 05:29:00,2.13,2026-01-06 15:53:39.061277,3
JOB_0848,2026-01-06 11:32:00,1.91,2026-01-07 06:12:46.839995,1
JOB_0849,2026-01-05 17:56:00,1.06,2026-01-06 09:20:26.635514,2
JOB_0850,2026-01-05 09:58:00,1.44,2026-01-05 11:35:42.266404,1
JOB_0851,2026-01-05 00:36:00,2.2,2026-01-05 03:54:34.310785,1
JOB_0852,2026-01-05 11:23:00,2.61,2026-01-06 00:41:30.891848,2
JOB_0853,2026-01-05 05:48:00,0.85,2026-01-06 13:29:29.392502,1
JOB_0854,2026-01-06 10:39:00,0.78,2026-01-07 15:58:20.928085,1
JOB_0855,2026-01-05 17:19:00,0.98,2026-01-06 16:49:32.413191,2
JOB_0856,2026-01-05 18:13:00,0.91,2026-01-07 04:09:27.912063,1
JOB_0857,2026-01-06 19:03:00,3.0,2026-01-07 11:38:42.320954,3
JOB_0858,2026-01-05 10:42:00,2.53,2026-01-06 19:16:48.228513,1
JOB_0859,2026-01-05 14:28:00,4.99,2026-01-05 15:48:32.778683,3
JOB_0860,2026-01-05 22:50:00,2.6,2026-01-06 07:49:06.534180,3
JOB_0861,2026-01-06 00:29:00,1.25,2026-01-07 10:29:36.574406,3
JOB_0862,2026-01-06 23:21:00,3.77,2026-01-08 04:09:55.931473,1
JOB_0863,2026-01-06 17:56:00,3.05,2026-01-07 01:43:28.654995,1
JOB_0864,2026-01-06 14:44:00,2.82,2026-01-08 00:17:43.490490,1
JOB_0865,2026-01-06 04:03:00,1.71,2026-01-07 15:31:39.148257,2
JOB_0866,2026-01-06 04:44:00,2.75,2026-01-07 00:35:32.127640,1
JOB_0867,2026-01-05 20:50:00,3.56,2026-01-06 19:33:43.234676,2
JOB_0868,2026-01-05 00:08:00,4.55,2026-01-06 07:11:48.614932,3
JOB_0869,2026-01-06 02:33:00,0.7,2026-01-06 06:27:26.573434,2
JOB_0870,2026-01-06 10:44:00,3.8,2026-01-07 09:17:07.974299,3
JOB_0871,2026-01-06 07:11:00,2.3,2026-01-06 23:58:33.269640,3
JOB_0872,2026-01-06 20:36:00,2.38,2026-01-07 03:33:38.127000,2
JOB_0873,2026-01-06 20:26:00,1.6,2026-01-07 15:05:35.079797,3
JOB_0874,2026-01-06 22:22:00,4.93,2026-01-08 09:47:42.555870,2
JOB_0875,2026-01-05 04:18:00,1.02,2026-01-05 23:54:10.202804,1
JOB_0876,2026-01-05 19:15:00,1.95,2026-01-06 20:03:28.322531,3
JOB_0877,2026-01-06 00:48:00,4.65,2026-01-06 19:07:26.865153,2
JOB_0878,2026-01-05 21:01:00,1.4,2026-01-06 15:17:36.913176,3
JOB_0879,2026-01-05 12:35:00,3.42,2026-01-06 10:34:58.293117,2
JOB_0880,2026-01-05 07:57:00,3.91,2026-01-06 17:04:43.494576,1
JOB_0881,2026-01-06 06:16:00,4.95,2026-01-07 11:54:19.258359,2
JOB_0882,2026-01-05 14:24:00,0.83,2026-01-05 15:49:12.206513,3
JOB_0883,2026-01-05 20:37:00,0.86,2026-01-06 22:16:59.400752,3
JOB_0884,2026-01-06 20:04:00,3.53,2026-01-07 07:14:13.401193,2
JOB_0885,2026-01-05 07:04:00,2.75,2026-01-06 03:13:48.641720,1
JOB_0886,2026-01-05 07:05:00,1.84,2026-01-05 08:28:15.502471,3
JOB_0887,2026-01-05 05:27:00,3.97,2026-01-06 12:19:50.812372,1
JOB_0888,2026-01-06 22:10:00,2.53,2026-01-07 21:43:05.414617,1
JOB_0889,2026-01-06 07:23:00,2.15,2026-01-07 14:48:12.531422,2
JOB_0890,2026-01-05 15:19:00,1.36,2026-01-05 20:25:47.164354,1
JOB_0891,2026-01-06 18:18:00,1.67,2026-01-08 04:15:07.967774,1
JOB_0892,2026-01-05 18:35:00,3.85,2026-01-06 05:00:41.431467,3
JOB_0893,2026-01-06 08:25:00,3.42,2026-01-06 16:40:56.092645,2
JOB_0894,2026-01-06 01:56:00,2.04,2026-01-07 13:46:27.436380,3
JOB_0895,2026-01-05 02:13:00,2.25,2026-01-05 07:47:45.672061,2
JOB_0896,2026-01-05 16:47:00,3.07,2026-01-06 01:18:11.899675,2
JOB_0897,2026-01-06 15:02:00,2.09,2026-01-07 08:35:24.534713,3
JOB_0898,2026-01-05 19:11:00,4.56,2026-01-06 20:06:43.697940,2
JOB_0899,2026-01-05 16:49:00,2.51,2026-01-06 23:43:27.887263,3
JOB_0900,2026-01-05 01:04:00,2.4,2026-01-06 06:34:38.239092,3
JOB_0901,2026-01-05 10:47:00,3.71,2026-01-06 18:04:23.074526,3
JOB_0902,2026-01-06 15:55:00,2.01,2026-01-07 08:27:54.236441,3
JOB_0903,2026-01-06 10:14:00,4.32,2026-01-06 17:29:36.361935,3
JOB_0904,2026-01-06 17:28:00,1.97,2026-01-07 05:05:39.882472,2
JOB_0905,2026-01-06 10:39:00,4.26,2026-01-07 09:40:26.397398,3
JOB_0906,2026-01-05 15:40:00,2.47,2026-01-06 07:12:59.186144,1
JOB_0907,2026-01-05 13:59:00,3.84,2026-01-05 21:31:43.266937,1
JOB_0908,2026-01-06 03:09:00,1.81,2026-01-06 07:21:57.634263,2
JOB_0909,2026-01-06 15:28:00,4.21,2026-01-07 19:09:33.431037,3
JOB_0910,2026-01-05 23:16:00,0.68,2026-01-06 07:15:36.461115,2
JOB_0911,2026-01-05 19:04:00,1.3,2026-01-07 07:00:00.398012,1
JOB_0912,2026-01-05 01:30:00,1.43,2026-01-05 15:59:21.774253,1
JOB_0913,2026-01-05 08:10:00,1.07,2026-01-06 15:18:32.947448,3
JOB_0914,2026-01-06 20:30:00,2.81,2026-01-07 15:44:55.710832,2
JOB_0915,2026-01-06 21:50:00,1.74,2026-01-07 22:10:23.945787,3
JOB_0916,2026-01-06 10:49:00,3.37,2026-01-06 20:10:46.661830,1
JOB_0917,2026-01-05 10:03:00,4.94,2026-01-05 22:10:43.342141,2
JOB_0918,2026-01-06 12:18:00,4.1,2026-01-07 19:07:12.897505,3
JOB_0919,2026-01-05 21:34:00,1.55,2026-01-06 22:14:47.023724,2
JOB_0920,2026-01-06 19:47:00,0.66,2026-01-07 04:09:31.997717,3
JOB_0921,2026-01-06 18:45:00,3.35,2026-01-07 21:48:06.668382,1
JOB_0922,2026-01-05 11:44:00,2.32,2026-01-06 22:26:41.798474,3
JOB_0923,2026-01-06 12:00:00,3.87,2026-01-07 02:36:08.510990,3
JOB_0924,2026-01-06 06:53:00,3.26,2026-01-06 16:42:53.212076,3
JOB_0925,2026-01-05 20:30:00,1.34,2026-01-06 03:25:48.316000,3
JOB_0926,2026-01-06 12:04:00,4.49,2026-01-07 12:50:33.809579,2
JOB_0927,2026-01-06 03:00:00,0.7,2026-01-07 02:17:42.501026,1
JOB_0928,2026-01-05 08:24:00,0.92,2026-01-06 19:04:17.776373,1
JOB_0929,2026-01-06 18:19:00,0.74,2026-01-08 03:27:08.053070,3
JOB_0930,2026-01-06 23:06:00,4.27,2026-01-07 00:52:50.530654,1
JOB_0931,2026-01-05 16:56:00,1.45,2026-01-06 12:00:01.521850,1
JOB_0932,2026-01-06 12:19:00,1.98,2026-01-06 21:34:13.064943,1
JOB_0933,2026-01-06 21:13:00,3.49,2026-01-07 13:43:23.849213,3
JOB_0934,2026-01-05 09:20:00,2.4,2026-01-06 03:40:57.195215,2
JOB_0935,2026-01-06 07:40:00,2.41,2026-01-07 08:32:06.114758,1
JOB_0936,2026-01-06 09:08:00,4.94,2026-01-07 16:16:30.467857,2
JOB_0937,2026-01-06 04:16:00,1.48,2026-01-07 01:09:24.475945,2
JOB_0938,2026-01-05 23:04:00,1.87,2026-01-06 17:16:37.293762,1
JOB_0939,2026-01-06 03:58:00,1.77,2026-01-07 14:05:39.938310,1
JOB_0940,2026-01-06 10:44:00,1.32,2026-01-06 20:57:31.588333,1
JOB_0941,2026-01-06 00:58:00,3.18,2026-01-06 21:48:58.178184,1
JOB_0942,2026-01-05 08:48:00,3.8,2026-01-05 10:06:54.972877,1
JOB_0943,2026-01-06 02:58:00,3.95,2026-01-07 12:37:12.608922,1
JOB_0944,2026-01-05 01:11:00,2.47,2026-01-05 12:55:07.309433,2
JOB_0945,2026-01-06 12:53:00,0.97,2026-01-07 02:48:23.893578,1
JOB_0946,2026-01-06 15:13:00,2.56,2026-01-08 02:21:48.111018,2
JOB_0947,2026-01-06 09:34:00,4.89,2026-01-07 07:32:53.173970,3
JOB_0948,2026-01-06 08:10:00,4.09,2026-01-07 15:31:23.139678,1
JOB_0949,2026-01-06 21:29:00,4.62,2026-01-08 01:06:41.040446,3
JOB_0950,2026-01-05 09:32:00,1.33,2026-01-06 01:00:18.742370,2
JOB_0951,2026-01-05 23:21:00,1.88,2026-01-07 10:18:44.127920,3
JOB_0952,2026-01-05 01:00:00,2.19,2026-01-05 02:45:48.923798,2
JOB_0953,2026-01-05 00:28:00,3.35,2026-01-06 08:41:07.924756,3
JOB_0954,2026-01-06 09:36:00,2.81,2026-01-07 11:06:55.388903,2
JOB_0955,2026-01-06 14:40:00,4.79,2026-01-06 18:33:36.168254,1
JOB_0956,2026-01-06 00:51:00,2.53,2026-01-06 06:15:43.612416,2
JOB_0957,2026-01-05 03:16:00,2.17,2026-01-06 01:52:26.105641,3
JOB_0958,2026-01-05 05:50:00,3.49,2026-01-05 23:43:20.641028,1
JOB_0959,2026-01-05 00:23:00,2.99,2026-01-06 09:59:14.399938,2
JOB_0960,2026-01-06 14:26:00,2.38,2026-01-07 21:54:05.072098,2
JOB_0961,2026-01-05 17:31:00,1.78,2026-01-06 09:50:49.374221,3
JOB_0962,2026-01-05 07:25:00,2.32,2026-01-06 06:44:49.863078,1
JOB_0963,2026-01-05 10:29:00,4.02,2026-01-05 23:56:39.096079,2
JOB_0964,2026-01-06 23:30:00,3.75,2026-01-07 17:57:48.935828,3
JOB_0965,2026-01-05 07:14:00,2.61,2026-01-06 01:30:47.928089,2
JOB_0966,2026-01-06 17:31:00,2.3,2026-01-08 05:30:57.890903,1
JOB_0967,2026-01-06 16:06:00,3.97,2026-01-06 19:16:49.925570,3
JOB_0968,2026-01-05 01:25:00,2.67,2026-01-06 03:27:34.029291,2
JOB_0969,2026-01-05 14:58:00,0.97,2026-01-06 10:23:15.683416,3
JOB_0970,2026-01-06 23:09:00,1.48,2026-01-07 08:59:42.917338,1
JOB_0971,2026-01-06 09:04:00,2.73,2026-01-07 09:26:00.209384,2
JOB_0972,2026-01-05 23:38:00,2.96,2026-01-06 05:03:49.179096,1
JOB_0973,2026-01-05 14:30:00,0.84,2026-01-06 16:12:27.383571,1
JOB_0974,2026-01-05 08:38:00,2.91,2026-01-05 23:36:57.521472,3
JOB_0975,2026-01-06 14:27:00,3.79,2026-01-06 21:20:44.869310,3
JOB_0976,2026-01-06 22:51:00,1.11,2026-01-07 20:26:46.801926,1
JOB_0977,2026-01-05 23:34:00,1.68,2026-01-06 15:30:06.611546,1
JOB_0978,2026-01-05 20:37:00,4.32,2026-01-06 12:34:41.349663,2
JOB_0979,2026-01-05 11:06:00,2.3,2026-01-06 01:55:03.026460,1
JOB_0980,2026-01-05 06:07:00,3.36,2026-01-06 17:08:04.969281,3
JOB_0981,2026-01-06 17:30:00,3.58,2026-01-08 00:28:32.632269,3
JOB_0982,2026-01-05 13:05:00,2.42,2026-01-06 02:25:17.623799,3
JOB_0983,2026-01-05 08:04:00,2.43,2026-01-06 12:29:11.048553,1
JOB_0984,2026-01-05 06:03:00,0.77,2026-01-05 16:54:57.379651,1
JOB_0985,2026-01-06 17:35:00,2.78,2026-01-07 04:05:57.147510,2
JOB_0986,2026-01-06 11:16:00,2.02,2026-01-07 02:42:21.373587,1
JOB_0987,2026-01-06 01:14:00,3.51,2026-01-07 11:43:36.799576,2
JOB_0988,2026-01-05 17:02:00,4.74,2026-01-05 18:06:40.352641,1
JOB_0989,2026-01-05 04:31:00,3.96,2026-01-06 16:00:23.878074,2
JOB_0990,2026-01-05 10:20:00,4.8,2026-01-06 12:19:24.084124,2
JOB_0991,2026-01-05 05:37:00,1.11,2026-01-06 14:00:52.763518,3
JOB_0992,2026-01-05 22:33:00,1.15,2026-01-06 00:52:52.078469,2
JOB_0993,2026-01-05 11:57:00,0.57,2026-01-06 23:39:18.144622,3
JOB_0994,2026-01-06 18:39:00,0.56,2026-01-06 19:53:26.773920,3
JOB_0995,2026-01-06 19:00:00,0.8,2026-01-08 06:24:29.918805,3
JOB_0996,2026-01-05 22:13:00,4.65,2026-01-06 12:42:53.518604,2
JOB_0997,2026-01-05 20:24:00,0.74,2026-01-06 19:34:15.934816,1
JOB_0998,2026-01-05 10:52:00,3.16,2026-01-06 01:58:24.864545,1
JOB_0999,2026-01-06 19:18:00,1.36,2026-01-07 15:31:54.722874,2
JOB_1000,2026-01-05 06:16:00,1.05,2026-01-05 14:20:37.045456,2
